Year,Stream,Treatment,Day,Replicate,InitialWt,InitialCor,FinalWt,AFDMrem,LN.AFDMrem,AFDM.initial,AFDM.Final,,,,,,,,,,
2017,PB,Handling,0,0,5.053,,4.580,,#NUM!,NA,NA,,,,,,,,,,
2017,PB,Handling,0,0,5.010,,4.550,,#NUM!,NA,NA,,,,,,,,,,
2017,PB,Handling,0,0,5.037,,4.570,,#NUM!,NA,NA,,,,,,,,,,
2017,PB,Handling,0,0,5.060,,4.580,,#NUM!,NA,NA,,,,,,,,,,
2017,PB,Handling,0,0,5.627,,4.650,,#NUM!,NA,NA,,,,,,,,,,
2017,PB,Handling,0,0,5.619,,4.170,,#NUM!,NA,NA,,,,,,,,,,
2017,PB,Handling,0,0,5.086,,4.350,,#NUM!,NA,NA,,,,,,,,,,
2017,PB,C,3,1,5.047,4.362488281,4.21,96.50455724,4.569590233,2.168251714,2.092461716,,,,,,,,,,
2017,PB,C,3,2,5.063,4.376318242,3.9,89.11600539,4.489938952,2.354723068,2.098435136,,,,,,,,,,
2017,PB,C,3,3,5.0933,4.40250873,4.18,94.9458651,4.553306888,2.23774719,2.124648428,,,,,,,,,,
2017,PB,EC,3,1,5.0269,4.345114392,3.57,82.16124312,4.408683696,1.903771541,1.564162364,,,,,,,,,,
2017,PB,EC,3,2,5.0694,4.381850226,3.62,82.61350373,4.414173151,2.628130893,2.171191013,,,,,,,,,,
2017,PB,EC,3,3,5.0483,4.363611965,4.19,96.02137022,4.564570773,1.810813212,1.738767659,,,,,,,,,,
2017,PB,C,7,1,5.0594,4.3732065,3.78,86.43543358,4.459397703,1.963748322,1.697374376,,,,,,,,,,
2017,PB,C,7,2,5.0836,4.394124316,3.73,84.88608268,4.441310154,2.394061618,2.032225124,,,,,,,,,,
2017,PB,C,7,3,5.0057,4.326789694,3.79,87.5938113,4.472710348,1.938674238,1.698158654,,,,,,,,,,
2017,PB,EC,7,1,5.0899,4.399569863,3.93,89.32691427,4.492302834,2.046404884,1.827990336,,,,,,,,,,
2017,PB,EC,7,2,5.0156,4.335346983,3.73,86.03694272,4.45477677,2.033916865,1.749919888,,,,,,,,,,
2017,PB,EC,7,3,5.0963,4.405101848,4.02,91.25782193,4.513688709,2.200581211,2.008202483,,,,,,,,,,
2017,PB,C,14,1,5.0119,4.332148804,3.06,70.63469281,4.257521423,1.806892936,1.276293275,,,,,,,,,,
2017,PB,C,14,2,5.0618,4.375280995,3.48,79.53774864,4.376231735,2.169741669,1.725763675,,,,,,,,,,
2017,PB,C,14,3,5.0621,4.375540306,3.65,83.41826939,4.423867343,1.880540561,1.568714391,,,,,,,,,,
2017,PB,EC,14,1,5.0956,4.404496787,3.66,83.0968934,4.420007317,2.15883079,1.79392132,,,,,,,,,,
2017,PB,EC,14,2,5.0406,4.356956296,3.51,80.56082644,4.389012507,2.050469594,1.651875251,,,,,,,,,,
2017,PB,EC,14,3,5.0093,4.329901436,3.65,84.29753089,4.434352575,2.056245635,1.733364299,,,,,,,,,,
2017,PB,C,21,1,5.0981,4.406657718,3.34,75.79440505,4.328024478,2.028667715,1.537616625,,,,,,,,,,
2017,PB,C,21,2,5.0559,4.370181197,3.16,72.30821465,4.280937742,2.033091598,1.470092237,,,,,,,,,,
2017,PB,C,21,3,5.0287,4.346670263,3.42,78.68091649,4.365400642,2.154458635,1.695147799,,,,,,,,,,
2017,PB,EC,21,1,5.0153,4.335087671,3.33,76.81505549,4.341400656,2.059408667,1.581935911,,,,,,,,,,
2017,PB,EC,21,2,5.0653,4.378306299,3.37,76.97040294,4.343420971,1.943212156,1.495698227,,,,,,,,,,
2017,PB,EC,21,3,5.0066,4.32756763,3.38,78.10392094,4.35804026,1.866698243,1.45796452,,,,,,,,,,
2017,PB,C,28,1,5.0462,4.361796783,2.34,53.64761626,3.982437037,2.509769032,1.346431259,,,,,,,,,,
2017,PB,C,28,2,5.0961,4.404928973,3.35,76.0511695,4.331406397,1.971530717,1.499372168,,,,,,,,,,
2017,PB,C,28,3,5.0921,4.401471483,3.04,69.06781088,4.235088788,2.028250169,1.400867991,,,,,,,,,,
2017,PB,EC,28,1,5.0601,4.373811561,3.1,70.87639594,4.260937458,2.033797612,1.441482448,,,,,,,,,,
2017,PB,EC,28,2,5.0128,4.332926739,3.39,78.23811026,4.359756872,2.019049652,1.579666293,,,,,,,,,,
2017,PB,EC,28,3,5.015,4.334828359,3.33,76.81965061,4.341460475,2.338965112,1.796784827,,,,,,,,,,
2017,PB,C,35,1,5.0191,4.338372287,2.11,48.63575232,3.884358905,1.613109715,0.784548045,,,,,,,,,,
2017,PB,C,35,2,5.0753,4.386950024,2.65,60.40643238,4.101095596,2.067621306,1.248976266,,,,,,,,,,
2017,PB,C,35,3,5.0174,4.336902853,3.09,71.24900199,4.266180812,2.101203305,1.497086384,,,,,,,,,,
2017,PB,EC,35,1,5.0279,4.345978765,2.55,58.67493004,4.072012549,1.90652984,1.11865505,,,,,,,,,,
2017,PB,EC,35,2,5.0653,4.378306299,2.52,57.55650309,4.052767128,2.037909311,1.172949336,,,,,,,,,,
2017,PB,EC,35,3,5.0962,4.40501541,3.06,69.4662723,4.240841344,1.903628789,1.322379958,,,,,,,,,,
2017,PB,C,42,1,5.0147,4.334569047,2.24,51.67757107,3.945023859,2.010403338,1.038927614,,,,,,,,,,
2017,PB,C,42,2,5.0208,4.33984172,1.67,38.48066607,3.650155935,1.780935843,0.685315975,,,,,,,,,,
2017,PB,C,42,3,5.029,4.346929575,2.91,66.94380366,4.203853516,1.497894922,1.002747835,,,,,,,,,,
2017,PB,EC,42,1,5.0296,4.347448198,2.49,57.27497802,4.047863845,1.853599927,1.061648951,,,,,,,,,,
2017,PB,EC,42,2,5.0134,4.333445363,2.82,65.07524069,4.175544149,1.873504891,1.219187817,,,,,,,,,,
2017,PB,EC,42,3,5.0181,4.337507914,2.73,62.93936643,4.142171825,2.051477092,1.291186684,,,,,,,,,,
2017,PB,C,49,1,5.0097,4.330247185,2.31,53.34568447,3.976793084,1.850861821,0.987354907,,,,,,,,,,
2017,PB,C,49,2,5.0637,4.376923302,1,22.847099,3.128824151,1.009718792,0.230691452,,,,,,,,,,
2017,PB,C,49,3,5.0802,4.39118545,2.68,61.03135544,4.111387756,1.544419138,0.942579934,,,,,,,,,,
2017,PB,EC,49,1,5.0816,4.392395571,2.09,47.58223539,3.862459486,1.569376259,0.746744306,,,,,,,,,,
2017,PB,EC,49,2,5.0865,4.396630997,3.01,68.46151069,4.2262717,1.751443667,1.199064794,,,,,,,,,,
2017,PB,EC,49,3,5.0812,4.392049822,2.84,64.66229016,4.16917819,1.784089933,1.153633409,,,,,,,,,,
2017,PA,Handling,0,0,5.053,,4.580,,#NUM!,,,,,,,,,,,,
2017,PA,Handling,0,0,5.010,,4.550,,#NUM!,,,,,,,,,,,,
2017,PA,Handling,0,0,5.037,,4.570,,#NUM!,,,,,,,,,,,,
2017,PA,Handling,0,0,5.060,,4.580,,#NUM!,,,,,,,,,,,,
2017,PA,Handling,0,0,5.627,,4.650,,#NUM!,,,,,,,,,,,,
2017,PA,Handling,0,0,5.619,,4.170,,#NUM!,,,,,,,,,,,,
2017,PA,Handling,0,0,5.086,,4.350,,#NUM!,,,,,,,,,,,,
2017,PA,C,3,1,5.0134,4.333445363,4.11,94.84370185,4.552230293,1.855131319,1.759475218,,,,,,,,,,
2017,PA,C,3,2,5.0664,4.379257108,4.04,92.25308997,4.524535778,1.988760938,1.834693417,,,,,,,,,,
2017,PA,C,3,3,5.0594,4.3732065,4.09,93.52405379,4.538218663,2.037833293,1.905864305,,,,,,,,,,
2017,PA,EC,3,1,5.0666,4.379429983,4.13,94.30451032,4.546529018,1.887855041,1.780332452,,,,,,,,,,
2017,PA,EC,3,2,5.0648,4.377874112,4.26,97.30750339,4.577876102,1.982337675,1.9289633,,,,,,,,,,
2017,PA,EC,3,3,5.0985,4.407003467,4.08,92.57991354,4.528072202,1.888243652,1.74813434,,,,,,,,,,
2017,PA,C,7,1,5.0709,4.383146785,3.85,87.83643781,4.475476424,1.92432589,1.690259314,,,,,,,,,,
2017,PA,C,7,2,5.0504,4.365427148,4.23,96.89773434,4.573656137,2.00897341,1.946649718,,,,,,,,,,
2017,PA,C,7,3,5.0037,4.325060949,3.17,73.29376481,4.294475541,2.186702855,1.602716848,,,,,,,,,,
2017,PA,EC,7,1,5.0447,4.360500224,3.32,76.13805365,4.332548188,2.088826763,1.590392042,,,,,,,,,,
2017,PA,EC,7,2,5.0547,4.369143949,3.62,82.85375904,4.417077114,1.95593861,1.620568663,,,,,,,,,,
2017,PA,EC,7,3,5.0047,4.325925322,3.96,91.54110867,4.516788147,2.11090156,1.932342691,,,,,,,,,,
2017,PA,C,14,1,5.0245,4.343039898,3.46,79.66770007,4.377864235,2.21143084,1.761796089,,,,,,,,,,
2017,PA,C,14,2,5.0182,4.337594351,3.08,71.00710095,4.262779885,1.972064226,1.400305636,,,,,,,,,,
2017,PA,C,14,3,5.0981,4.406657718,3.73,84.64464995,4.438461905,1.999084554,1.692118123,,,,,,,,,,
2017,PA,EC,14,1,5.0183,4.337680789,3.75,86.45172807,4.459586201,2.169307474,1.875403799,,,,,,,,,,
2017,PA,EC,14,2,5.0811,4.391963385,3.31,75.36492702,4.322342008,2.237354575,1.686180642,,,,,,,,,,
2017,PA,EC,14,3,5.0861,4.396285248,3.74,85.0718229,4.443495875,2.320459582,1.974057266,,,,,,,,,,
2017,PA,C,21,1,5.0635,4.376750428,2.77,63.28896394,4.147710969,2.015156963,1.275371963,,,,,,,,,,
2017,PA,C,21,2,5.0965,4.405274722,3.24,73.54819402,4.297940892,2.122074989,1.56074783,,,,,,,,,,
2017,PA,C,21,3,5.0911,4.40060711,2.96,67.26344629,4.208616943,2.131674978,1.433838054,,,,,,,,,,
2017,PA,EC,21,1,5.0687,4.381245165,3.2,73.038597,4.290988028,2.237258605,1.634062296,,,,,,,,,,
2017,PA,EC,21,2,5.0502,4.365254273,3.2,73.30615355,4.294644556,2.2156575,1.624213289,,,,,,,,,,
2017,PA,EC,21,3,5.0111,4.331457306,3.45,79.64986738,4.377640371,2.173409939,1.731118134,,,,,,,,,,
2017,PA,C,28,1,5.0883,4.398186867,2.86,65.02679596,4.17479943,1.77943577,1.157110067,,,,,,,,,,
2017,PA,C,28,2,5.024,4.342607712,2.33,53.65439741,3.982563431,2.05488781,1.102537672,,,,,,,,,,
2017,PA,C,28,3,5.0207,4.339755283,2.22,51.15495818,3.934859422,2.058964843,1.053262605,,,,,,,,,,
2017,PA,EC,28,1,5.0901,4.399742738,2.49,56.59421808,4.035906826,1.903126372,1.07705949,,,,,,,,,,
2017,PA,EC,28,2,5.0843,4.394729377,2.98,67.80849841,4.216687532,2.163010323,1.46670482,,,,,,,,,,
2017,PA,EC,28,3,5.0299,4.34770751,3.05,70.15191323,4.25066308,2.049112368,1.437491531,,,,,,,,,,
2017,PA,C,35,1,5.0886,4.398446179,2.99,67.97855148,4.219192236,2.044829307,1.390045343,,,,,,,,,,
2017,PA,C,35,2,5.0712,4.383406097,1.61,36.72942831,3.603578295,1.751276908,0.643233997,,,,,,,,,,
2017,PA,C,35,3,5.0743,4.386085652,1.88,42.86282005,3.758004785,1.822015418,0.78096719,,,,,,,,,,
2017,PA,EC,35,1,5.0569,4.371045569,2.28,52.16143286,3.954343388,1.791120437,0.934274084,,,,,,,,,,
2017,PA,EC,35,2,5.0096,4.330160747,2.07,47.80422993,3.867114128,1.865576622,0.891824538,,,,,,,,,,
2017,PA,EC,35,3,5.055,4.369403261,2.9,66.3706192,4.195254477,1.802751905,1.196497602,,,,,,,,,,
2017,PA,C,42,1,5.0718,4.38392472,1.6,36.49697707,3.597229437,1.454453489,0.530831557,,,,,,,,,,
2017,PA,C,42,2,5.0572,4.371304881,1.81,41.40640036,3.723435467,1.633030333,0.676179078,,,,,,,,,,
2017,PA,C,42,3,5.0557,4.370008322,1.89,43.24934556,3.766982102,1.777396222,0.768712234,,,,,,,,,,
2017,PA,EC,42,1,5.0697,4.382109538,1.92,43.81451407,3.779965134,1.69184692,0.741274507,,,,,,,,,,
2017,PA,EC,42,2,5.0862,4.396371685,2.21,50.26872518,3.917383118,1.70781784,0.858498257,,,,,,,,,,
2017,PA,EC,42,3,5.0671,4.379862169,2.31,52.74138571,3.965400455,1.496754953,0.789409303,,,,,,,,,,
2017,PA,C,49,1,5.0808,4.392,2.030,46.224,3.833488656,1.531774188,0.708039875,,,,,,,,,,
2017,PA,C,49,2,5.0055,4.327,1.620,37.443,3.622810434,1.625418191,0.608599647,,,,,,,,,,
2017,PA,C,49,3,5.0926,4.402,1.630,37.029,3.611713101,1.520596559,0.563068295,,,,,,,,,,
2017,PA,EC,49,1,5.0664,4.379,0.820,18.725,2.929840147,1.002529702,0.187720048,,,,,,,,,,
2017,PA,EC,49,2,5.008,4.329,1.570,36.269,3.590960578,1.762378132,0.639195132,,,,,,,,,,
2017,PA,EC,49,3,5,4.322,1.640,37.947,3.636179922,1.697194805,0.644027732,,,,,,,,,,
2018,PB,Handling,0,0,5.030,,4.410,,#NUM!,NA,NA,,,,,,,,,,
2018,PB,Handling,0,0,5.090,,4.450,,#NUM!,NA,NA,,,,,,,,,,
2018,PB,Handling,0,0,5.100,,4.480,,#NUM!,NA,NA,,,,,,,,,,
2018,PB,Handling,0,0,5.090,,4.460,,#NUM!,NA,NA,,,,,,,,,,
2018,PB,Handling,0,0,4.970,,4.330,,#NUM!,NA,NA,,,,,,,,,,
2018,PB,Handling,0,0,5.020,,4.310,,#NUM!,NA,NA,,,,,,,,,,
2018,PB,C,3,1,5.01,4.371605088,4.08,93.32956472,4.536136936,2.915777746,2.721282679,,,,,,,,,,
2018,PB,C,3,2,5.03,4.389056606,4.08,92.95847301,4.532152867,2.833752278,2.634212847,,,,,,,,,,
2018,PB,C,3,3,5.06,4.415233882,4.11,93.08680152,4.533532408,2.827009994,2.631573182,,,,,,,,,,
2018,PB,EC,3,1,4.97,4.336702054,4.18,96.3866078,4.568367269,2.832598042,2.730245165,,,,,,,,,,
2018,PB,EC,3,2,5.01,4.371605088,4.01,91.72832218,4.518831189,2.830484308,2.596355765,,,,,,,,,,
2018,PB,EC,3,3,4.94,4.310524778,3.86,89.5482615,4.494777715,2.783384821,2.492472718,,,,,,,,,,
2018,PB,C,7,1,5.08,4.432685399,3.82,86.1780085,4.456415023,3.285062716,2.831001627,,,,,,,,,,
2018,PB,C,7,2,5.07,4.42395964,3.73,84.31360825,4.434543278,2.804747659,2.364783954,,,,,,,,,,
2018,PB,C,7,3,5.02,4.380330847,3.66,83.55533241,4.425509076,2.753366887,2.300584855,,,,,,,,,,
2018,PB,EC,7,1,5.06,4.415233882,3.85,87.19809875,4.468182527,2.781487171,2.42540393,,,,,,,,,,
2018,PB,EC,7,2,5.03,4.389056606,3.48,79.28810933,4.373088172,2.834630208,2.247524699,,,,,,,,,,
2018,PB,EC,7,3,4.94,4.310524778,3.8,88.15631961,4.479111598,2.747874479,2.422425008,,,,,,,,,,
2018,PB,C,14,1,5.06,4.415233882,3.35,75.87367034,4.329069725,2.770784528,2.102295918,,,,,,,,,,
2018,PB,C,14,2,4.98,4.345427812,3.44,79.16366693,4.371517443,2.768163977,2.191380111,,,,,,,,,,
2018,PB,C,14,3,5.08,4.432685399,3.61,81.440474,4.399872373,2.719290321,2.214602927,,,,,,,,,,
2018,PB,EC,14,1,4.96,4.327976295,3.48,80.40709474,4.387102415,2.656377516,2.135915986,,,,,,,,,,
2018,PB,EC,14,2,5.03,4.389056606,3.46,78.83243054,4.367324467,2.941489053,2.318847314,,,,,,,,,,
2018,PB,EC,14,3,5.02,4.380330847,3.54,80.81581332,4.392172656,2.81218528,2.272690406,,,,,,,,,,
2018,PB,C,21,1,4.98,4.345427812,3.02,#DIV/0!,#DIV/0!,NA,NA,,,,,,,,,,
2018,PB,C,21,2,4.99,4.354153571,2.9,#DIV/0!,#DIV/0!,NA,NA,,,,,,,,,,
2018,PB,C,21,3,5,4.36287933,3.38,#DIV/0!,#DIV/0!,NA,NA,,,,,,,,,,
2018,PB,EC,21,1,5.07,4.42395964,3.43,#DIV/0!,#DIV/0!,NA,NA,,,,,,,,,,
2018,PB,EC,21,2,4.92,4.29307326,3.15,#DIV/0!,#DIV/0!,NA,NA,,,,,,,,,,
2018,PB,EC,21,3,4.98,4.345427812,3.4,#DIV/0!,#DIV/0!,NA,NA,,,,,,,,,,
2018,PB,C,28,1,5.01,4.371605088,2.89,66.10844167,4.191296449,2.839547795,1.877180798,,,,,,,,,,
2018,PB,C,28,2,4.92,4.29307326,2.98,69.41414272,4.240090632,2.679086814,1.859665145,,,,,,,,,,
2018,PB,C,28,3,5.05,4.406508123,2.95,66.94643282,4.203892789,2.843002072,1.903288472,,,,,,,,,,
2018,PB,EC,28,1,4.98,4.345427812,3.25,74.79125509,4.314700968,2.650198351,1.98211661,,,,,,,,,,
2018,PB,EC,28,2,4.95,4.319250536,2.71,62.74236646,4.139036921,2.715770128,1.703938446,,,,,,,,,,
2018,PB,EC,28,3,5.03,4.389056606,3.14,71.54156991,4.270278678,2.879342653,2.059926937,,,,,,,,,,
2018,PB,C,35,1,5.01,4.371605088,2.29,52.38350569,3.958591765,2.912982826,1.525922524,,,,,,,,,,
2018,PB,C,35,2,4.93,4.301799019,2.44,56.72045554,4.038134914,2.78625074,1.580374112,,,,,,,,,,
2018,PB,C,35,3,4.94,4.310524778,3.06,70.98903632,4.262525447,2.83016437,2.009106413,,,,,,,,,,
2018,PB,EC,35,1,4.99,4.354153571,2.41,55.34944877,4.0136667,2.646904623,1.465047118,,,,,,,,,,
2018,PB,EC,35,2,4.93,4.301799019,2.09,48.58432462,3.88330094,2.770804591,1.346176697,,,,,,,,,,
2018,PB,EC,35,3,5.09,4.441411158,3.25,73.17494113,4.292853028,3.226076772,2.360679779,,,,,,,,,,
2018,PB,C,42,1,4.99,4.354153571,1.66,38.12451658,3.640857555,2.768414738,1.055444736,,,,,,,,,,
2018,PB,C,42,2,4.96,4.327976295,1.98,45.74886425,3.823166966,2.368132832,1.083393875,,,,,,,,,,
2018,PB,C,42,3,5.05,4.406508123,3.07,69.66967754,4.243765181,2.632585896,1.834114105,,,,,,,,,,
2018,PB,EC,42,1,5.08,4.432685399,2.91,65.64869234,4.184317682,2.666747087,1.75068459,,,,,,,,,,
2018,PB,EC,42,2,5.03,4.389056606,2.09,47.61843348,3.863219944,2.313302921,1.101558613,,,,,,,,,,
2018,PB,EC,42,3,5.03,4.389056606,2.65,60.37743958,4.100615518,2.865109715,1.729879887,,,,,,,,,,
2018,PB,C,49,1,5.07,4.42395964,1.63,36.84482076,3.60671506,2.823095426,1.04016445,,,,,,,,,,
2018,PB,C,49,2,5.05,4.406508123,2.32,,#NUM!,NA,NA,,,,,,,,,,
2018,PB,C,49,3,4.95,4.319250536,2.64,61.12171493,4.112867203,2.814133882,1.720046889,,,,,,,,,,
2018,PB,EC,49,1,5.07,4.42395964,1.82,41.13961582,3.716971546,2.850964325,1.17287577,,,,,,,,,,
2018,PB,EC,49,2,4.93,4.301799019,2.02,46.95709844,3.849234386,2.761102387,1.296533566,,,,,,,,,,
2018,PB,EC,49,3,,0,,,#NUM!,NA,NA,,,,,,,,,,
2018,PA,C,3,1,4.94,4.310524778,4.15,98.57333948,4.590800834,2.677551462,2.639351893,,,,,,,,,,
2018,PA,C,3,2,4.93,4.301799019,4.03,93.68173599,4.53990325,2.701838551,2.531129258,,,,,,,,,,
2018,PA,C,3,3,5.03,4.389056606,4.12,93.86983059,4.541909042,2.926758227,2.74734299,,,,,,,,,,
2018,PA,EC,3,1,5.06,4.415233882,4.12,93.31329009,4.535962542,2.833576123,2.644103107,,,,,,,,,,
2018,PA,EC,3,2,4.95,4.319250536,4.04,93.53474558,4.538332978,2.802476685,2.621289438,,,,,,,,,,
2018,PA,EC,3,3,4.95,4.319250536,3.99,92.37713734,4.525879517,2.744009934,2.534837825,,,,,,,,,,
2018,PA,C,7,1,5.03,4.389056606,3.72,84.7562548,4.439779546,2.790969695,2.365521386,,,,,,,,,,
2018,PA,C,7,2,4.91,4.284347502,3.74,87.29450631,4.469287532,2.746451539,2.397501312,,,,,,,,,,
2018,PA,C,7,3,4.95,4.319250536,3.75,86.8206178,4.463844126,2.758366142,2.394830525,,,,,,,,,,
2018,PA,EC,7,1,4.93,4.301799019,3.58,83.22099624,4.421499675,2.822077187,2.34856075,,,,,,,,,,
2018,PA,EC,7,2,5.03,4.389056606,3.85,87.71816693,4.474129027,3.79307926,3.327219597,,,,,,,,,,
2018,PA,EC,7,3,4.93,4.301799019,3.65,84.84822243,4.440864042,2.780245313,2.358988728,,,,,,,,,,
2018,PA,C,14,1,4.99,4.354153571,3.33,76.47869892,4.337012257,4.088846723,3.127096774,,,,,,,,,,
2018,PA,C,14,2,4.96,4.327976295,3.51,81.10025935,4.395686159,2.720537616,2.206363063,,,,,,,,,,
2018,PA,C,14,3,4.99,4.354153571,3.43,78.77535654,4.366600214,2.814643231,2.21724524,,,,,,,,,,
2018,PA,EC,14,1,5.07,4.42395964,3.67,82.95735717,4.418326707,3.182468597,2.640091841,,,,,,,,,,
2018,PA,EC,14,2,5.07,4.42395964,3.62,81.82714795,4.404609071,2.94439594,2.409315222,,,,,,,,,,
2018,PA,EC,14,3,4.98,4.345427812,3.65,83.99633264,4.430773139,2.793086469,2.346090201,,,,,,,,,,
2018,PA,C,21,1,5.06,4.415233882,3.44,#VALUE!,#VALUE!,#VALUE!,#VALUE!,,,,,,,,,,
2018,PA,C,21,2,4.92,4.29307326,3.41,#VALUE!,#VALUE!,#VALUE!,#VALUE!,,,,,,,,,,
2018,PA,C,21,3,4.98,4.345427812,3.34,#VALUE!,#VALUE!,#VALUE!,#VALUE!,,,,,,,,,,
2018,PA,EC,21,1,4.99,4.354153571,3.44,#VALUE!,#VALUE!,#VALUE!,#VALUE!,,,,,,,,,,
2018,PA,EC,21,2,5,4.36287933,3.39,#VALUE!,#VALUE!,#VALUE!,#VALUE!,,,,,,,,,,
2018,PA,EC,21,3,5.05,4.406508123,3.45,#VALUE!,#VALUE!,#VALUE!,#VALUE!,,,,,,,,,,
2018,PA,C,28,1,5.02,4.380330847,2.22,50.68110327,3.925553125,2.938197299,1.489110807,,,,,,,,,,
2018,PA,C,28,2,4.97,4.336702054,3.21,74.01938063,4.304326959,2.758236673,2.041629701,,,,,,,,,,
2018,PA,C,28,3,5.01,4.371605088,3.04,69.53967567,4.241897463,2.764901709,1.922703681,,,,,,,,,,
2018,PA,EC,28,1,5.01,4.371605088,3.15,72.05591394,4.2774424,2.837726151,2.044749513,,,,,,,,,,
2018,PA,EC,28,2,5.03,4.389056606,3.23,73.59212446,4.298538015,2.787140423,2.051115849,,,,,,,,,,
2018,PA,EC,28,3,5.1,4.450136916,2.93,65.84067086,4.187237746,2.892028525,1.904130982,,,,,,,,,,
2018,PA,C,35,1,4.94,4.310524778,2.77,64.26131719,4.162957851,2.757115874,1.771758977,,,,,,,,,,
2018,PA,C,35,2,5,4.36287933,2.72,62.34414923,4.13266983,2.739952794,1.708200259,,,,,,,,,,
2018,PA,C,35,3,4.97,4.336702054,2.35,54.18864314,3.99247135,2.745928123,1.487981192,,,,,,,,,,
2018,PA,EC,35,1,5.09,4.441411158,3.41,76.77739977,4.340910323,2.795013605,2.145938769,,,,,,,,,,
2018,PA,EC,35,2,5.05,4.406508123,3.14,71.25823696,4.266310419,2.837671898,2.022074965,,,,,,,,,,
2018,PA,EC,35,3,5.01,4.371605088,2.83,64.73594808,4.170316659,3.58402091,2.320149915,,,,,,,,,,
2018,PA,C,42,1,5.01,4.371605088,1.81,41.4035569,3.723366793,2.783156355,1.152325725,,,,,,,,,,
2018,PA,C,42,2,4.91,4.284347502,2.24,52.28334067,3.956677786,2.702786685,1.41310717,,,,,,,,,,
2018,PA,C,42,3,4.93,4.301799019,2.09,48.58432462,3.88330094,2.848456495,1.38390335,,,,,,,,,,
2018,PA,EC,42,1,5.02,4.380330847,3.06,69.85773694,4.246460845,2.95928353,2.067288503,,,,,,,,,,
2018,PA,EC,42,2,4.98,4.345427812,3.02,69.4983355,4.241302803,2.822922842,1.961884387,,,,,,,,,,
2018,PA,EC,42,3,5.02,4.380330847,2.9,66.20504481,4.192756666,2.821597271,1.868039737,,,,,,,,,,
2018,PA,C,49,1,5,4.36287933,1.51,34.61017108,3.544147601,2.80888012,0.972158215,,,,,,,,,,
2018,PA,C,49,2,4.98,4.345427812,2.03,46.71576857,3.844081764,2.648736008,1.237377383,,,,,,,,,,
2018,PA,C,49,3,5.09,4.441411158,2.06,46.38165499,3.836904015,2.840434518,1.317440539,,,,,,,,,,
2018,PA,EC,49,1,5.04,4.397782364,2.51,57.07422042,4.044352533,3.484449116,1.988722169,,,,,,,,,,
2018,PA,EC,49,2,5.01,4.371605088,2.73,62.44845874,4.134341556,2.693414298,1.681995717,,,,,,,,,,
2018,PA,EC,49,3,5.06,4.415233882,2.55,57.75458488,4.056202738,3.204520006,1.850757227,,,,,,,,,,
2019,PB,Handling,0,0,4.9305,,4.7595,,#NUM!,NA,NA,,,,,,,,,,
2019,PB,Handling,0,0,5.0219,,4.8339,,#NUM!,NA,NA,,,,,,,,,,
2019,PB,Handling,0,0,5.1537,,4.9132,,#NUM!,NA,NA,,,,,,,,,,
2019,PB,Handling,0,0,5.0329,,4.8324,,#NUM!,NA,NA,,,,,,,,,,
2019,PB,Handling,0,0,5.0017,,4.7597,,#NUM!,NA,NA,,,,,,,,,,
2019,PA,Handling,0,0,5.113,,4.9204,,#NUM!,NA,NA,,,,,,,,,,
2019,PA,Handling,0,0,5.1436,,4.9592,,#NUM!,NA,NA,,,,,,,,,,
2019,PA,Handling,0,0,5.0972,,4.9065,,#NUM!,NA,NA,,,,,,,,,,
2019,PA,Handling,0,0,5.0352,,4.8267,,#NUM!,NA,NA,,,,,,,,,,
2019,PA,Handling,0,0,5.1176,,4.9156,,#NUM!,NA,NA,,,,,,,,,,
2019,PB,C,3,1,4.9838,4.784074859,4.0804,85.29130751,4.446072544,2.900889371,2.474206474,,,,,,,,,,
2019,PB,C,3,2,4.8786,4.683090736,3.927,83.8548775,4.429087656,2.937276766,2.463049834,,,,,,,,,,
2019,PB,C,3,5,5.0827,4.879011455,4.0429,82.86309711,4.417189814,3.118969713,2.584474902,,,,,,,,,,
2019,PB,C,3,11,5.0068,4.806153137,3.8352,79.79770703,4.37949477,3.035785862,2.422487508,,,,,,,,,,
2019,PB,C,3,13,5.1242,4.918848348,4.1773,84.92435027,4.441760863,2.981154497,2.531726088,,,,,,,,,,
2019,PB,EC,3,1,5.0575,4.854821341,4.1122,84.70342595,4.439156049,3.039157967,2.574270918,,,,,,,,,,
2019,PB,EC,3,2,4.9918,4.79175426,4.158,86.7740659,4.463307797,2.922755497,2.536193781,,,,,,,,,,
2019,PB,EC,3,5,4.8758,4.680402945,3.9239,83.83679879,4.428872037,2.935358969,2.460910993,,,,,,,,,,
2019,PB,EC,3,11,4.9355,4.737710476,3.8953,82.2190385,4.409386887,3.049609275,2.507359424,,,,,,,,,,
2019,PB,EC,3,13,4.9691,4.76996396,4.1002,85.95872074,4.45386719,3.047236732,2.619365713,,,,,,,,,,
2019,PB,C,7,1,4.8673,4.672243582,3.731,79.85456954,4.3802071,2.968752408,2.370684456,,,,,,,,,,
2019,PB,C,7,2,4.9736,4.774283623,3.8949,81.58082568,4.401594255,2.955502672,2.411123483,,,,,,,,,,
2019,PB,C,7,5,5.0805,4.876899619,3.9241,80.46300531,4.387797517,3.041893724,2.447599109,,,,,,,,,,
2019,PB,C,7,11,5.1008,4.8963861,3.9803,81.29056653,4.398029977,3.091238052,2.512884925,,,,,,,,,,
2019,PB,C,7,13,4.9988,4.798473736,3.8362,79.94625397,4.381354584,2.980233587,2.382585112,,,,,,,,,,
2019,PB,EC,7,1,5.0237,4.822375872,3.911,81.10110252,4.395696556,3.028991043,2.456545131,,,,,,,,,,
2019,PB,EC,7,2,4.8754,4.680018975,3.8532,82.33299951,4.410771993,2.992171948,2.463544915,,,,,,,,,,
2019,PB,EC,7,5,4.9881,4.788202538,3.8008,79.37843001,4.374226669,3.084083762,2.44809727,,,,,,,,,,
2019,PB,EC,7,11,5.049,4.846661978,2.6898,55.49799042,4.016346811,3.033812705,1.683705084,,,,,,,,,,
2019,PB,EC,7,13,5.0092,4.808456958,4.5896,95.44849918,4.558586826,3.01415661,2.876967247,,,,,,,,,,
2019,PB,C,14,1,4.9117,4.714864258,3.511,74.46661893,4.310350957,3.094990409,2.304734714,,,,,,,,,,
2019,PB,C,14,2,5.0131,4.812200666,3.7381,77.67963682,4.352593149,3.171096277,2.463296071,,,,,,,,,,
2019,PB,C,14,5,5.027,4.825543625,3.5308,73.16895824,4.292771263,3.161794709,2.313452251,,,,,,,,,,
2019,PB,C,14,11,4.9763,4.776875421,3.6702,76.83265056,4.341629687,3.240831624,2.490016837,,,,,,,,,,
2019,PB,C,14,13,4.9782,4.778699279,3.7511,78.4962556,4.363050924,3.28929743,2.581975318,,,,,,,,,,
2019,PB,EC,14,1,4.917,4.719951861,3.74,79.23809628,4.372457197,3.584647263,2.84040625,,,,,,,,,,
2019,PB,EC,14,2,4.9705,4.771307855,3.6643,76.79864958,4.341187056,3.094093788,2.376222246,,,,,,,,,,
2019,PB,EC,14,5,4.8676,4.672531559,NA,NA,NA,3.090112332,NA,,,,,,,,,,
2019,PB,EC,14,11,4.9982,4.797897781,3.6041,75.11831565,4.319064413,3.378945666,2.538207071,,,,,,,,,,
2019,PB,EC,14,13,4.958,4.759308791,3.7571,78.94213561,4.368715123,2.972275807,2.346377998,,,,,,,,,,
2019,PB,C,22,1,4.9155,4.718511973,3.3286,70.54342596,4.256228491,3.005676464,2.120307151,,,,,,,,,,
2019,PB,C,22,2,4.9656,4.766604222,3.3577,70.44218155,4.254792254,3.07567864,2.166575131,,,,,,,,,,
2019,PB,C,22,5,5.065,4.86202078,3.5847,73.72860303,4.300390825,3.088278182,2.276944361,,,,,,,,,,
2019,PB,C,22,11,5.1108,4.905985351,3.4352,70.02059228,4.248789374,3.088452598,2.162552801,,,,,,,,,,
2019,PB,C,22,13,4.9214,4.724175531,2.7075,57.31158764,4.048502831,3.017061954,1.729126106,,,,,,,,,,
2019,PB,EC,22,1,4.8895,4.69355392,2.7075,57.68549901,4.055005825,2.917427653,1.6829327,,,,,,,,,,
2019,PB,EC,22,2,4.844,4.649877326,2.7075,58.22734257,4.064355048,2.88531008,1.680039384,,,,,,,,,,
2019,PB,EC,22,5,5.0449,4.842726285,2.7075,55.90859034,4.023718042,3.193552373,1.785470113,,,,,,,,,,
2019,PB,EC,22,11,5.002,4.801545497,2.7075,56.38809425,4.032258041,3.003244515,1.693472347,,,,,,,,,,
2019,PB,C,29,1,5.0085,4.80778501,3.0851,64.16884269,4.161517777,3.306908665,2.122005019,,,,,,,,,,
2019,PB,C,29,2,5.038,4.836102801,3.2682,67.57920859,4.213300371,3.313814385,2.239449536,,,,,,,,,,
2019,PB,C,29,5,5.0074,4.806729093,3.2097,66.77513832,4.20133083,3.140371874,2.096987662,,,,,,,,,,
2019,PB,C,29,11,5.0062,4.805577182,3.1767,66.10444239,4.191235952,3.032558687,2.00465601,,,,,,,,,,
2019,PB,C,29,13,5.001,4.800585572,2.5065,52.2123804,3.955319639,3.177359534,1.658975047,,,,,,,,,,
2019,PB,EC,29,1,4.992,4.791946246,3.3956,70.86056116,4.260714019,3.087838254,2.188059514,,,,,,,,,,
2019,PB,EC,29,2,4.8906,4.694609837,3.2784,69.8332793,4.246110677,3.118860087,2.178002275,,,,,,,,,,
2019,PB,EC,29,5,5.0355,4.833702989,3.4056,70.4553012,4.254978483,3.039578625,2.141544275,,,,,,,,,,
2019,PB,EC,29,11,4.9306,4.733006843,3.0911,65.30943442,4.179136504,3.124640629,2.040685122,,,,,,,,,,
2019,PB,EC,29,13,5.0419,4.839846509,3.4288,70.84522192,4.260497524,3.118773491,2.209502001,,,,,,,,,,
2019,PB,C,36,1,4.9767,4.777259391,3.0615,64.08486016,4.160208145,3.057845542,1.959616039,,,,,,,,,,
2019,PB,C,36,2,4.9939,4.793770103,2.7313,56.97603225,4.042630693,3.341286943,1.903732726,,,,,,,,,,
2019,PB,C,36,5,5.0754,4.872004001,2.751,56.46547087,4.033629316,3.175309275,1.792953333,,,,,,,,,,
2019,PB,C,36,11,5.0026,4.802121452,2.9096,60.58988781,4.104128011,3.319008576,2.010983572,,,,,,,,,,
2019,PB,EC,36,1,5.04,4.838022652,NA,NA,NA,3.133014024,#VALUE!,,,,,,,,,,
2019,PB,EC,36,2,4.9495,4.751149428,2.8655,60.31172127,4.099526467,3.084069637,1.860055484,,,,,,,,,,
2019,PB,EC,36,5,5.0789,4.875363739,2.6864,55.10152973,4.009177478,3.344130151,1.842666869,,,,,,,,,,
2019,PB,EC,36,11,5.0118,4.810952763,3.1616,65.71671259,4.18535327,3.106802401,2.041688405,,,,,,,,,,
2019,PB,EC,36,13,5.0408,4.838790592,2.4574,50.78541742,3.927609255,3.351336876,1.701990422,,,,,,,,,,
2019,PB,C,43,1,4.8237,4.630390846,2.478,53.51600075,3.979980689,2.912758332,1.558791771,,,,,,,,,,
2019,PB,C,43,2,5.0033,4.802793399,2.3603,49.14431673,3.894761209,3.514336183,1.727096504,,,,,,,,,,
2019,PB,C,43,5,5.009,4.808264973,2.6388,54.88050295,4.005158148,3.244320837,1.780499593,,,,,,,,,,
2019,PB,C,43,11,4.9723,4.77303572,2.8807,60.35362333,4.100220984,3.090373375,1.865152306,,,,,,,,,,
2019,PB,C,43,13,4.9764,4.776971414,2.7053,56.63211616,4.036576248,3.015946272,1.707994196,,,,,,,,,,
2019,PB,EC,43,1,5.0806,4.876995612,2.7203,55.77819249,4.021382977,3.265459801,1.821414454,,,,,,,,,,
2019,PB,EC,43,2,4.9393,4.741358191,2.5198,53.14510945,3.973026086,2.951846379,1.568761989,,,,,,,,,,
2019,PB,EC,43,5,4.9259,4.728495194,1.9232,40.67255905,3.70555364,3.037708766,1.235513892,,,,,,,,,,
2019,PB,EC,43,11,5.0097,4.80893692,2.7625,57.44512864,4.050830208,3.051406616,1.752884456,,,,,,,,,,
2019,PB,EC,43,13,4.9716,4.772363773,0.9135,19.14145785,2.951856551,3.338449588,0.639027921,,,,,,,,,,
2019,PB,C,50,1,4.8822,4.686546466,2.1306,45.46204791,3.816877866,3.170795502,1.44150857,,,,,,,,,,
2019,PB,C,50,2,4.9014,4.704977029,2.2454,47.7239312,3.865432974,3.151377797,1.503961372,,,,,,,,,,
2019,PB,C,50,5,4.9439,4.745773847,2.0776,43.77789728,3.779129062,3.183743691,1.393776043,,,,,,,,,,
2019,PB,C,50,11,4.9827,4.783018942,2.4802,51.85427928,3.948437463,3.295792744,1.709009574,,,,,,,,,,
2019,PB,C,50,13,5.0778,4.874307822,1.5931,32.68361495,3.486873881,3.259268472,1.065246758,,,,,,,,,,
2019,PB,EC,50,1,4.8856,4.689810212,2.4622,52.50105844,3.96083333,3.102694511,1.628947458,,,,,,,,,,
2019,PB,EC,50,2,5.0424,4.840326472,2.573,53.15757139,3.973260548,3.051463756,1.622084024,,,,,,,,,,
2019,PB,EC,50,5,4.9892,4.789258455,1.7232,35.98051799,3.582977625,3.319658946,1.194430484,,,,,,,,,,
2019,PB,EC,50,11,4.3964,4.220214839,2.5374,60.12490115,4.096424084,2.81287871,1.691240544,,,,,,,,,,
2019,PB,EC,50,13,4.9464,4.74817366,1.5657,32.97478383,3.495743143,3.176129827,1.047321945,,,,,,,,,,
2019,PA,C,3,1,4.9169,4.719855868,4.037,85.53227286,4.448893765,3.05166954,2.610162317,,,,,,,,,,
2019,PA,C,3,4,5.0233,4.821991902,4.1558,NA,#VALUE!,NA,NA,,,,,,,,,,
2019,PA,C,3,5,5.0049,4.80432928,4.02656,83.81107467,4.428565155,2.996552223,2.511442621,,,,,,,,,,
2019,PA,C,3,6,4.949,4.750669465,3.9711,83.59032404,4.425927772,2.980436731,2.491356721,,,,,,,,,,
2019,PA,C,3,7,5.0904,4.886402878,4.2226,86.41530601,4.459164813,3.097163816,2.676423589,,,,,,,,,,
2019,PA,EC,3,1,5.0209,4.819688082,4.1541,86.19022496,4.456556772,2.987346296,2.574800493,,,,,,,,,,
2019,PA,EC,3,4,5.0527,4.850213701,4.1628,85.82714612,4.452335345,3.060791461,2.626989959,,,,,,,,,,
2019,PA,EC,3,5,5.0859,4.882083215,4.1825,85.67039552,4.450507323,3.127822961,2.679618302,,,,,,,,,,
2019,PA,EC,3,6,4.939,4.741070214,4.1404,87.33049319,4.469699694,3.049257789,2.662931866,,,,,,,,,,
2019,PA,EC,3,7,4.9921,4.792042238,4.3153,90.05137655,4.500380358,3.004804002,2.705867366,,,,,,,,,,
2019,PA,C,7,1,5.0526,4.850117708,3.9702,81.85780714,4.404983683,3.110558531,2.546235004,,,,,,,,,,
2019,PA,C,7,4,5.0261,4.824679692,3.7655,78.0466319,4.357306493,3.160497097,2.466661536,,,,,,,,,,
2019,PA,C,7,5,5.0086,4.807881003,3.9821,82.82442926,4.416723057,3.047381199,2.523976086,,,,,,,,,,
2019,PA,C,7,6,4.9405,4.742510101,3.7588,79.25760662,4.372703391,3.158488039,2.503342025,,,,,,,,,,
2019,PA,C,7,7,4.9086,4.71188849,3.8032,80.71498314,4.390924223,3.042567548,2.455807883,,,,,,,,,,
2019,PA,EC,7,1,4.9506,4.752205345,3.8833,81.71574496,4.4032467,3.020199973,2.467978908,,,,,,,,,,
2019,PA,EC,7,4,5.0403,4.838310629,3.9075,80.76166041,4.391502353,3.112269228,2.513520305,,,,,,,,,,
2019,PA,EC,7,5,5.0503,4.847909881,4.0005,82.52009832,4.41304188,3.254948319,2.685986553,,,,,,,,,,
2019,PA,EC,7,6,5.0534,4.850885648,3.8848,80.08434504,4.383080392,3.20408739,2.565972401,,,,,,,,,,
2019,PA,EC,7,7,4.9337,4.73598261,3.9805,84.0480282,4.4313884,3.021199521,2.539258625,,,,,,,,,,
2019,PA,C,14,1,4.9672,4.768140102,3.4682,72.73695667,4.2868496,3.234737165,2.35284937,,,,,,,,,,
2019,PA,C,14,4,5.1127,4.907809209,NA,NA,NA,3.376944709,#VALUE!,,,,,,,,,,
2019,PA,C,14,5,5.012,4.811144748,3.7827,78.62369972,4.364673177,3.011741576,2.367942653,,,,,,,,,,
2019,PA,C,14,6,5.0457,4.843494225,3.7094,76.58520539,4.338403917,3.121470373,2.390584496,,,,,,,,,,
2019,PA,C,14,7,5.0712,4.867972316,3.6603,75.19147116,4.320037809,3.13731259,2.358991491,,,,,,,,,,
2019,PA,EC,14,1,5.0523,4.849829731,3.8093,78.54502553,4.363672034,3.222119357,2.530814472,,,,,,,,,,
2019,PA,EC,14,4,5.0355,4.833702989,3.8438,79.52081477,4.376018808,3.072533807,2.443303918,,,,,,,,,,
2019,PA,EC,14,5,5.1483,4.941982543,3.8884,78.680974,4.365401373,3.369591067,2.651227072,,,,,,,,,,
2019,PA,EC,14,6,4.9962,4.795977931,3.7979,79.18927181,4.371840833,3.001255718,2.376672548,,,,,,,,,,
2019,PA,EC,14,7,4.9003,4.703921111,3.793,80.6348557,4.389931009,3.09644334,2.496812619,,,,,,,,,,
2019,PA,C,22,1,4.9814,4.781771039,NA,NA,NA,3.034133685,NA,,,,,,,,,,
2019,PA,C,22,4,5.0205,4.819304112,2.4991,51.85603444,3.948471311,2.997569135,1.554420483,,,,,,,,,,
2019,PA,C,22,5,5.1419,4.935839022,3.2933,66.72219222,4.200537614,3.45063435,2.302338884,,,,,,,,,,
2019,PA,C,22,6,5.086,4.882179208,NA,NA,NA,3.078515324,NA,,,,,,,,,,
2019,PA,C,22,7,5.1148,4.909825051,3.5776,72.86614009,4.28862406,3.083800956,2.247046725,,,,,,,,,,
2019,PA,EC,22,1,4.9559,4.757292948,3.3254,69.90109787,4.247081355,3.068532921,2.1449382,,,,,,,,,,
2019,PA,EC,22,4,4.9081,4.711408527,3.1833,67.56578169,4.213101667,2.990190343,2.020345479,,,,,,,,,,
2019,PA,EC,22,5,5.1237,4.918368385,3.5594,72.36952829,4.281785331,3.151664525,2.28084475,,,,,,,,,,
2019,PA,EC,22,6,4.901,4.704593059,3.4415,73.1519168,4.292538331,3.059727021,2.238248964,,,,,,,,,,
2019,PA,EC,22,7,4.9341,4.736366581,3.402,71.82721063,4.274263382,3.083515727,2.214803336,,,,,,,,,,
2019,PA,C,29,1,5.0407,4.838694599,3.1834,65.79047168,4.186475021,3.328169015,2.189618093,,,,,,,,,,
2019,PA,C,29,4,4.9705,4.771307855,3.0442,63.80221299,4.155787876,3.269415324,2.085959328,,,,,,,,,,
2019,PA,C,29,5,5.0876,4.883715088,2.815,57.64054515,4.054226229,3.190668999,1.839119005,,,,,,,,,,
2019,PA,C,29,6,5.0802,4.876611642,2.9372,60.23034467,4.09817629,3.077384971,1.853519575,,,,,,,,,,
2019,PA,C,29,7,4.9262,4.728783172,3.2325,68.35796615,4.224758106,3.129835741,2.139492056,,,,,,,,,,
2019,PA,EC,29,1,5.0359,4.834086959,3.2737,67.72116489,4.215398759,3.110746251,2.106633598,,,,,,,,,,
2019,PA,EC,29,4,4.9798,4.780235159,3.1386,65.65785773,4.184457285,3.003985245,1.972352358,,,,,,,,,,
2019,PA,EC,29,5,5.1073,4.902625613,3.3043,67.39857907,4.210623936,3.091434594,2.083582989,,,,,,,,,,
2019,PA,EC,29,6,5.0172,4.816136359,3.3275,69.09065176,4.235419436,3.17000394,2.190176383,,,,,,,,,,
2019,PA,EC,29,7,5.1072,4.90252962,2.796,57.03178189,4.043608689,3.058547684,1.744344244,,,,,,,,,,
2019,PA,C,36,1,5.0453,4.843110255,2.2219,45.87754321,3.825975743,6.222182979,2.854584685,,,,,,,,,,
2019,PA,C,36,4,5.033,4.831303176,1.647,34.09018106,3.529009397,6.797118869,2.317150129,,,,,,,,,,
2019,PA,C,36,5,5.1652,4.958205278,2.3775,47.95081822,3.870175865,5.434797166,2.60602971,,,,,,,,,,
2019,PA,C,36,7,4.9204,4.723215606,2.9308,62.05094673,4.127955769,3.348865852,2.078002966,,,,,,,,,,
2019,PA,EC,36,1,4.9596,4.760844671,2.816,59.14916773,4.08006252,3.70442867,2.191138727,,,,,,,,,,
2019,PA,EC,36,4,5.1002,4.895810145,2.493,50.92109225,3.930277224,3.47553464,1.7697802,,,,,,,,,,
2019,PA,EC,36,5,4.9348,4.737038528,2.7815,58.71812069,4.072748379,2.753094925,1.616565601,,,,,,,,,,
2019,PA,EC,36,6,5.0994,4.895042204,3.0029,61.34574279,4.116525777,3.105767929,1.905256405,,,,,,,,,,
2019,PA,C,43,4,4.9158,4.718799951,1.1588,24.55709104,3.201000653,3.261720079,0.800983569,,,,,,,,,,
2019,PA,C,43,5,4.9213,4.724079539,1.895,40.11363451,3.691716289,3.006735627,1.20611094,,,,,,,,,,
2019,PA,C,43,6,5.0821,4.8784355,1.4422,29.56275634,3.386515337,3.111175638,0.919749273,,,,,,,,,,
2019,PA,C,43,7,5.0415,4.839462539,2.8285,58.44657288,4.068113053,3.048646517,1.781829408,,,,,,,,,,
2019,PA,EC,43,1,4.9088,4.712080475,2.7687,58.75748546,4.073418557,2.989683808,1.756663029,,,,,,,,,,
2019,PA,EC,43,4,4.9908,4.790794335,1.9426,40.54859933,3.702501238,2.902145896,1.176779511,,,,,,,,,,
2019,PA,EC,43,5,4.9898,4.78983441,2.8141,58.75150911,4.07331684,3.116677129,1.831094847,,,,,,,,,,
2019,PA,EC,43,6,4.9271,4.729647105,2.75,58.14387288,4.062920506,2.943325093,1.7113632,,,,,,,,,,
2019,PA,EC,43,7,4.9466,4.748365645,2.3934,50.40471141,3.920084651,2.990271514,1.507237727,,,,,,,,,,
2019,PA,C,50,1,4.901,4.704593059,1.5114,32.12605174,3.469667282,3.042826479,0.977540009,,,,,,,,,,
2019,PA,C,50,4,4.9278,4.730319052,1.201,25.38940792,3.234332076,3.022177672,0.767313017,,,,,,,,,,
2019,PA,C,50,5,5.1288,4.923264003,1.8616,37.81231311,3.632634793,3.117814338,1.17891772,,,,,,,,,,
2019,PA,C,50,6,4.9948,4.794634036,1.1425,23.82872168,3.170891646,3.008342893,0.716849655,,,,,,,,,,
2019,PA,C,50,7,5.0313,4.829671303,2.4846,51.44449475,3.940503455,3.031745197,1.559665999,,,,,,,,,,
2019,PA,EC,50,1,5.0765,4.873059919,2.6636,54.65970138,4.001126717,3.068797425,1.677395509,,,,,,,,,,
2019,PA,EC,50,4,5.0351,4.833319019,2.0524,42.46357404,3.748646627,3.045803354,1.293356962,,,,,,,,,,
2019,PA,EC,50,5,4.9388,4.740878229,2.3741,50.07721957,3.913566205,2.967336625,1.485959677,,,,,,,,,,
2019,PA,EC,50,6,4.9331,4.735406655,1.8892,39.89520093,3.686256039,2.036438581,0.812441264,,,,,,,,,,
2019,PA,EC,50,7,5.0477,4.845414075,2.2882,47.2240342,3.854902962,3.020549536,1.426425346,,,,,,,,,,
